SET SQL_MODE = "NO_AUTO_VALUE_ON_ZERO";

/*!40101 SET @OLD_CHARACTER_SET_CLIENT=@@CHARACTER_SET_CLIENT */;
/*!40101 SET @OLD_CHARACTER_SET_RESULTS=@@CHARACTER_SET_RESULTS */;
/*!40101 SET @OLD_COLLATION_CONNECTION=@@COLLATION_CONNECTION */;
/*!40101 SET NAMES utf8 */;
/*!40103 SET @OLD_TIME_ZONE=@@TIME_ZONE */;
/*!40103 SET TIME_ZONE='+00:00' */;
/*!40014 SET @OLD_UNIQUE_CHECKS=@@UNIQUE_CHECKS, UNIQUE_CHECKS=0 */;
/*!40014 SET @OLD_FOREIGN_KEY_CHECKS=@@FOREIGN_KEY_CHECKS, FOREIGN_KEY_CHECKS=0 */;
/*!40101 SET @OLD_SQL_MODE=@@SQL_MODE, SQL_MODE='NO_AUTO_VALUE_ON_ZERO' */;
/*!40111 SET @OLD_SQL_NOTES=@@SQL_NOTES, SQL_NOTES=0 */;

--
-- Table structure for table `CVSS_scoring`
--

DROP TABLE IF EXISTS `CVSS_scoring`;
/*!40101 SET @saved_cs_client     = @@character_set_client */;
/*!40101 SET character_set_client = utf8 */;
CREATE TABLE `CVSS_scoring` (
  `id` int(11) NOT NULL AUTO_INCREMENT,
  `metric_name` varchar(30) NOT NULL,
  `abrv_metric_name` varchar(3) NOT NULL,
  `metric_value` varchar(30) NOT NULL,
  `abrv_metric_value` varchar(3) NOT NULL,
  `numeric_value` float NOT NULL,
  PRIMARY KEY (`id`)
) ENGINE=MyISAM AUTO_INCREMENT=56 DEFAULT CHARSET=utf8;
/*!40101 SET character_set_client = @saved_cs_client */;

--
-- Dumping data for table `CVSS_scoring`
--

LOCK TABLES `CVSS_scoring` WRITE;
/*!40000 ALTER TABLE `CVSS_scoring` DISABLE KEYS */;
INSERT INTO `CVSS_scoring` VALUES (1,'AccessComplexity','AC','Alto','H',0.35),(2,'AccessComplexity','AC','Medio','M',0.61),(3,'AccessComplexity','AC','Bajo','L',0.71),(4,'AccessVector','AV','Local','L',0.395),(5,'AccessVector','AV','Red Adyacente','A',0.646),(6,'AccessVector','AV','Red','N',1),(7,'Authentication','Au','Ninguno','N',0.704),(8,'Authentication','Au','Instancia','S',0.56),(9,'Authentication','Au','Multiples Instancias','M',0.45),(10,'AvailabilityRequirement','AR','No definido','ND',1),(11,'AvailabilityRequirement','AR','Bajo','L',0.5),(12,'AvailabilityRequirement','AR','Medio','M',1),(13,'AvailabilityRequirement','AR','Alto','H',1.51),(14,'AvailImpact','A','Ninguno','N',0),(15,'AvailImpact','A','Parcial','P',0.275),(16,'AvailImpact','A','Completado','C',0.66),(17,'CollateralDamagePotential','CDP','No definido','ND',0),(18,'CollateralDamagePotential','CDP','Ninguno','N',0),(19,'CollateralDamagePotential','CDP','BAjo (Baja Perdida)','L',0.1),(20,'CollateralDamagePotential','CDP','Medio-Bajo','LM',0.3),(21,'CollateralDamagePotential','CDP','Medio-Alto','MH',0.4),(22,'CollateralDamagePotential','CDP','Alto','H',0.5),(23,'ConfidentialityRequirement','CR','No definido','ND',1),(24,'ConfidentialityRequirement','CR','Bajo','L',0.5),(25,'ConfidentialityRequirement','CR','Medio','M',1),(26,'ConfidentialityRequirement','CR','Alto','H',1.51),(27,'ConfImpact','C','Ninguno','N',0),(28,'ConfImpact','C','Parcial','P',0.275),(29,'ConfImpact','C','Completado','C',0.66),(30,'Exploitability','E','No definido','ND',1),(31,'Exploitability','E','No comporbadas Estas Funciones','U',0.85),(32,'Exploitability','E','Prueba de Concepto','POC',0.9),(33,'Exploitability','E','Explotar Funciones Existentes','F',0.95),(34,'Exploitability','E','Extendido','H',1),(35,'IntegImpact','I','Ninguno','N',0),(36,'IntegImpact','I','Parcial','P',0.275),(37,'IntegImpact','I','Completado','C',0.66),(38,'IntegrityRequirement','IR','No definido','ND',1),(39,'IntegrityRequirement','IR','Bajo','L',0.5),(40,'IntegrityRequirement','IR','Medio','M',1),(41,'IntegrityRequirement','IR','Alto','H',1.51),(42,'RemediationLevel','RL','No definido','ND',1),(43,'RemediationLevel','RL','Arreglo','OF',0.87),(44,'RemediationLevel','RL','Arreglo Temporal','TF',0.9),(45,'RemediationLevel','RL','Solucion','W',0.95),(46,'RemediationLevel','RL','No disponible','U',1),(47,'ReportConfidence','RC','No definido','ND',1),(48,'ReportConfidence','RC','Sin Confirmar','UC',0.9),(49,'ReportConfidence','RC','No corroborada','UR',0.95),(50,'ReportConfidence','RC','Confirmada','C',1),(51,'TargetDistribution','TD','No definido','ND',1),(52,'TargetDistribution','TD','Ninguno (0%)','N',0),(53,'TargetDistribution','TD','Bajo (0-25%)','L',0.25),(54,'TargetDistribution','TD','Medio (26-75%)','M',0.75),(55,'TargetDistribution','TD','Alto (76-100%)','H',1);
/*!40000 ALTER TABLE `CVSS_scoring` ENABLE KEYS */;
UNLOCK TABLES;

--
-- Table structure for table `audit_log`
--

DROP TABLE IF EXISTS `audit_log`;
/*!40101 SET @saved_cs_client     = @@character_set_client */;
/*!40101 SET character_set_client = utf8 */;
CREATE TABLE `audit_log` (
  `timestamp` timestamp NOT NULL DEFAULT CURRENT_TIMESTAMP ON UPDATE CURRENT_TIMESTAMP,
  `risk_id` int(11) NOT NULL,
  `user_id` int(11) NOT NULL,
  `message` mediumtext NOT NULL
) ENGINE=MyISAM DEFAULT CHARSET=utf8;
/*!40101 SET character_set_client = @saved_cs_client */;

--
-- Dumping data for table `audit_log`
--

LOCK TABLES `audit_log` WRITE;
/*!40000 ALTER TABLE `audit_log` DISABLE KEYS */;
/*!40000 ALTER TABLE `audit_log` ENABLE KEYS */;
UNLOCK TABLES;

--
-- Table structure for table `category`
--

DROP TABLE IF EXISTS `category`;
/*!40101 SET @saved_cs_client     = @@character_set_client */;
/*!40101 SET character_set_client = utf8 */;
CREATE TABLE `category` (
  `value` int(11) NOT NULL AUTO_INCREMENT,
  `name` varchar(50) NOT NULL,
  PRIMARY KEY (`value`)
) ENGINE=MyISAM AUTO_INCREMENT=9 DEFAULT CHARSET=utf8;
/*!40101 SET character_set_client = @saved_cs_client */;

--
-- Dumping data for table `category`
--

LOCK TABLES `category` WRITE;
/*!40000 ALTER TABLE `category` DISABLE KEYS */;
INSERT INTO `category` VALUES (7,'Gestión de Tecnica de Vulnerabilidades'),(6,'Gestión de datos sensibles'),(5,'Politica y Procedimiento'),(4,'Seguridad Física'),(3,'Vigilancia'),(2,'La Resistencia Ambiental'),(1,'Gestión de Acceso'),(8,'Gestión de Terceros');
/*!40000 ALTER TABLE `category` ENABLE KEYS */;
UNLOCK TABLES;

--
-- Table structure for table `close_reason`
--

DROP TABLE IF EXISTS `close_reason`;
/*!40101 SET @saved_cs_client     = @@character_set_client */;
/*!40101 SET character_set_client = utf8 */;
CREATE TABLE `close_reason` (
  `value` int(11) NOT NULL AUTO_INCREMENT,
  `name` varchar(50) NOT NULL,
  PRIMARY KEY (`value`)
) ENGINE=MyISAM AUTO_INCREMENT=5 DEFAULT CHARSET=utf8;
/*!40101 SET character_set_client = @saved_cs_client */;

--
-- Dumping data for table `close_reason`
--

LOCK TABLES `close_reason` WRITE;
/*!40000 ALTER TABLE `close_reason` DISABLE KEYS */;
INSERT INTO `close_reason` VALUES (0,'Rechazado'),(1,'Totalmente Mitigada'),(2,'Sistema Retirado'),(3,'Cancelado'),(4,'Demasiado Insignificante');
/*!40000 ALTER TABLE `close_reason` ENABLE KEYS */;
UNLOCK TABLES;

--
-- Table structure for table `closures`
--

DROP TABLE IF EXISTS `closures`;
/*!40101 SET @saved_cs_client     = @@character_set_client */;
/*!40101 SET character_set_client = utf8 */;
CREATE TABLE `closures` (
  `id` int(11) NOT NULL AUTO_INCREMENT,
  `risk_id` int(11) NOT NULL,
  `user_id` int(11) NOT NULL,
  `closure_date` timestamp NOT NULL DEFAULT CURRENT_TIMESTAMP ON UPDATE CURRENT_TIMESTAMP,
  `close_reason` int(11) NOT NULL,
  `note` mediumtext NOT NULL,
  PRIMARY KEY (`id`)
) ENGINE=MyISAM DEFAULT CHARSET=utf8;
/*!40101 SET character_set_client = @saved_cs_client */;

--
-- Dumping data for table `closures`
--

LOCK TABLES `closures` WRITE;
/*!40000 ALTER TABLE `closures` DISABLE KEYS */;
/*!40000 ALTER TABLE `closures` ENABLE KEYS */;
UNLOCK TABLES;

--
-- Table structure for table `comments`
--

DROP TABLE IF EXISTS `comments`;
/*!40101 SET @saved_cs_client     = @@character_set_client */;
/*!40101 SET character_set_client = utf8 */;
CREATE TABLE `comments` (
  `id` int(11) NOT NULL AUTO_INCREMENT,
  `risk_id` int(11) NOT NULL,
  `date` timestamp NOT NULL DEFAULT CURRENT_TIMESTAMP ON UPDATE CURRENT_TIMESTAMP,
  `user` int(11) NOT NULL,
  `comment` mediumtext NOT NULL,
  PRIMARY KEY (`id`)
) ENGINE=MyISAM DEFAULT CHARSET=utf8;
/*!40101 SET character_set_client = @saved_cs_client */;

--
-- Dumping data for table `comments`
--

LOCK TABLES `comments` WRITE;
/*!40000 ALTER TABLE `comments` DISABLE KEYS */;
/*!40000 ALTER TABLE `comments` ENABLE KEYS */;
UNLOCK TABLES;

--
-- Table structure for table `files`
--

DROP TABLE IF EXISTS `files`;
/*!40101 SET @saved_cs_client     = @@character_set_client */;
/*!40101 SET character_set_client = utf8 */;
CREATE TABLE `files` (
  `id` int(11) NOT NULL AUTO_INCREMENT,
  `risk_id` int(11) NOT NULL,
  `name` varchar(100) NOT NULL,
  `unique_name` varchar(30) NOT NULL,
  `type` varchar(30) NOT NULL,
  `size` int(11) NOT NULL,
  `timestamp` timestamp NOT NULL DEFAULT CURRENT_TIMESTAMP,
  `user` int(11) NOT NULL,
  `content` blob NOT NULL,
  PRIMARY KEY (`id`)
) ENGINE=InnoDB DEFAULT CHARSET=latin1;
/*!40101 SET character_set_client = @saved_cs_client */;

--
-- Dumping data for table `files`
--

LOCK TABLES `files` WRITE;
/*!40000 ALTER TABLE `files` DISABLE KEYS */;
/*!40000 ALTER TABLE `files` ENABLE KEYS */;
UNLOCK TABLES;

--
-- Table structure for table `impact`
--

DROP TABLE IF EXISTS `impact`;
/*!40101 SET @saved_cs_client     = @@character_set_client */;
/*!40101 SET character_set_client = utf8 */;
CREATE TABLE `impact` (
  `name` varchar(20) NOT NULL,
  `value` int(11) NOT NULL
) ENGINE=MyISAM DEFAULT CHARSET=utf8;
/*!40101 SET character_set_client = @saved_cs_client */;

--
-- Dumping data for table `impact`
--

LOCK TABLES `impact` WRITE;
/*!40000 ALTER TABLE `impact` DISABLE KEYS */;
INSERT INTO `impact` VALUES ('Insignificante',1),('Menor',2),('Moderado',3),('Mayor',4),('Extremo/Catastrofico',5);
/*!40000 ALTER TABLE `impact` ENABLE KEYS */;
UNLOCK TABLES;

--
-- Table structure for table `languages`
--

DROP TABLE IF EXISTS `languages`;
/*!40101 SET @saved_cs_client     = @@character_set_client */;
/*!40101 SET character_set_client = utf8 */;
CREATE TABLE `languages` (
  `value` int(11) NOT NULL AUTO_INCREMENT,
  `name` varchar(2) NOT NULL,
  `full` varchar(50) NOT NULL,
  PRIMARY KEY (`value`)
) ENGINE=MyISAM AUTO_INCREMENT=4 DEFAULT CHARSET=utf8;
/*!40101 SET character_set_client = @saved_cs_client */;

--
-- Dumping data for table `languages`
--

LOCK TABLES `languages` WRITE;
/*!40000 ALTER TABLE `languages` DISABLE KEYS */;
INSERT INTO `languages` VALUES (1,'en','English'),(2,'bp','Brazilian Portuguese'),(3,'es','Espanol');
/*!40000 ALTER TABLE `languages` ENABLE KEYS */;
UNLOCK TABLES;

--
-- Table structure for table `likelihood`
--

DROP TABLE IF EXISTS `likelihood`;
/*!40101 SET @saved_cs_client     = @@character_set_client */;
/*!40101 SET character_set_client = utf8 */;
CREATE TABLE `likelihood` (
  `name` varchar(20) NOT NULL,
  `value` int(11) NOT NULL
) ENGINE=MyISAM DEFAULT CHARSET=utf8;
/*!40101 SET character_set_client = @saved_cs_client */;

--
-- Dumping data for table `likelihood`
--

LOCK TABLES `likelihood` WRITE;
/*!40000 ALTER TABLE `likelihood` DISABLE KEYS */;
INSERT INTO `likelihood` VALUES ('Remota',1),('Improbable',2),('Creible',3),('Probable',4),('Casi Certero',5);
/*!40000 ALTER TABLE `likelihood` ENABLE KEYS */;
UNLOCK TABLES;

--
-- Table structure for table `location`
--

DROP TABLE IF EXISTS `location`;
/*!40101 SET @saved_cs_client     = @@character_set_client */;
/*!40101 SET character_set_client = utf8 */;
CREATE TABLE `location` (
  `value` int(11) NOT NULL AUTO_INCREMENT,
  `name` varchar(100) NOT NULL,
  PRIMARY KEY (`value`)
) ENGINE=MyISAM AUTO_INCREMENT=2 DEFAULT CHARSET=utf8;
/*!40101 SET character_set_client = @saved_cs_client */;

--
-- Dumping data for table `location`
--

LOCK TABLES `location` WRITE;
/*!40000 ALTER TABLE `location` DISABLE KEYS */;
INSERT INTO `location` VALUES (1,'Todas las Locaciones');
/*!40000 ALTER TABLE `location` ENABLE KEYS */;
UNLOCK TABLES;

--
-- Table structure for table `mgmt_reviews`
--

DROP TABLE IF EXISTS `mgmt_reviews`;
/*!40101 SET @saved_cs_client     = @@character_set_client */;
/*!40101 SET character_set_client = utf8 */;
CREATE TABLE `mgmt_reviews` (
  `id` int(11) NOT NULL AUTO_INCREMENT,
  `risk_id` int(11) NOT NULL,
  `submission_date` timestamp NOT NULL DEFAULT CURRENT_TIMESTAMP ON UPDATE CURRENT_TIMESTAMP,
  `review` int(11) NOT NULL,
  `reviewer` int(11) NOT NULL,
  `next_step` int(11) NOT NULL,
  `comments` mediumtext NOT NULL,
  `next_review` varchar(10) NOT NULL DEFAULT '0000-00-00',
  PRIMARY KEY (`id`)
) ENGINE=MyISAM DEFAULT CHARSET=utf8;
/*!40101 SET character_set_client = @saved_cs_client */;

--
-- Dumping data for table `mgmt_reviews`
--

LOCK TABLES `mgmt_reviews` WRITE;
/*!40000 ALTER TABLE `mgmt_reviews` DISABLE KEYS */;
/*!40000 ALTER TABLE `mgmt_reviews` ENABLE KEYS */;
UNLOCK TABLES;

--
-- Table structure for table `mitigation_effort`
--

DROP TABLE IF EXISTS `mitigation_effort`;
/*!40101 SET @saved_cs_client     = @@character_set_client */;
/*!40101 SET character_set_client = utf8 */;
CREATE TABLE `mitigation_effort` (
  `value` int(11) NOT NULL AUTO_INCREMENT,
  `name` varchar(20) NOT NULL,
  PRIMARY KEY (`value`)
) ENGINE=MyISAM AUTO_INCREMENT=6 DEFAULT CHARSET=utf8;
/*!40101 SET character_set_client = @saved_cs_client */;

--
-- Dumping data for table `mitigation_effort`
--

LOCK TABLES `mitigation_effort` WRITE;
/*!40000 ALTER TABLE `mitigation_effort` DISABLE KEYS */;
INSERT INTO `mitigation_effort` VALUES (1,'Insignificante'),(2,'Menor'),(3,'Considerable'),(4,'Significante'),(5,'Excepcional');
/*!40000 ALTER TABLE `mitigation_effort` ENABLE KEYS */;
UNLOCK TABLES;

--
-- Table structure for table `mitigations`
--

DROP TABLE IF EXISTS `mitigations`;
/*!40101 SET @saved_cs_client     = @@character_set_client */;
/*!40101 SET character_set_client = utf8 */;
CREATE TABLE `mitigations` (
  `id` int(11) NOT NULL AUTO_INCREMENT,
  `risk_id` int(11) NOT NULL,
  `submission_date` timestamp NOT NULL DEFAULT CURRENT_TIMESTAMP,
  `last_update` timestamp NOT NULL DEFAULT '0000-00-00 00:00:00',
  `planning_strategy` int(11) NOT NULL,
  `mitigation_effort` int(11) NOT NULL,
  `current_solution` mediumtext NOT NULL,
  `security_requirements` mediumtext NOT NULL,
  `security_recommendations` mediumtext NOT NULL,
  `submitted_by` int(11) NOT NULL DEFAULT '1',
  PRIMARY KEY (`id`)
) ENGINE=MyISAM DEFAULT CHARSET=utf8;
/*!40101 SET character_set_client = @saved_cs_client */;

--
-- Dumping data for table `mitigations`
--

LOCK TABLES `mitigations` WRITE;
/*!40000 ALTER TABLE `mitigations` DISABLE KEYS */;
/*!40000 ALTER TABLE `mitigations` ENABLE KEYS */;
UNLOCK TABLES;

--
-- Table structure for table `next_step`
--

DROP TABLE IF EXISTS `next_step`;
/*!40101 SET @saved_cs_client     = @@character_set_client */;
/*!40101 SET character_set_client = utf8 */;
CREATE TABLE `next_step` (
  `value` int(11) NOT NULL AUTO_INCREMENT,
  `name` varchar(50) NOT NULL,
  PRIMARY KEY (`value`)
) ENGINE=MyISAM AUTO_INCREMENT=4 DEFAULT CHARSET=utf8;
/*!40101 SET character_set_client = @saved_cs_client */;

--
-- Dumping data for table `next_step`
--

LOCK TABLES `next_step` WRITE;
/*!40000 ALTER TABLE `next_step` DISABLE KEYS */;
INSERT INTO `next_step` VALUES (1,'Aceptada Hasta Proxima Revision'),(2,'Considerado por Proyecto'),(3,'Presentar como un Problema de Produccion');
/*!40000 ALTER TABLE `next_step` ENABLE KEYS */;
UNLOCK TABLES;

--
-- Table structure for table `password_reset`
--

DROP TABLE IF EXISTS `password_reset`;
/*!40101 SET @saved_cs_client     = @@character_set_client */;
/*!40101 SET character_set_client = utf8 */;
CREATE TABLE `password_reset` (
  `username` varchar(20) NOT NULL,
  `token` varchar(20) NOT NULL,
  `attempts` int(11) NOT NULL DEFAULT '0',
  `timestamp` timestamp NOT NULL DEFAULT CURRENT_TIMESTAMP
) ENGINE=MyISAM DEFAULT CHARSET=utf8;
/*!40101 SET character_set_client = @saved_cs_client */;

--
-- Dumping data for table `password_reset`
--

LOCK TABLES `password_reset` WRITE;
/*!40000 ALTER TABLE `password_reset` DISABLE KEYS */;
/*!40000 ALTER TABLE `password_reset` ENABLE KEYS */;
UNLOCK TABLES;

--
-- Table structure for table `planning_strategy`
--

DROP TABLE IF EXISTS `planning_strategy`;
/*!40101 SET @saved_cs_client     = @@character_set_client */;
/*!40101 SET character_set_client = utf8 */;
CREATE TABLE `planning_strategy` (
  `value` int(11) NOT NULL AUTO_INCREMENT,
  `name` varchar(20) NOT NULL,
  PRIMARY KEY (`value`)
) ENGINE=MyISAM AUTO_INCREMENT=6 DEFAULT CHARSET=utf8;
/*!40101 SET character_set_client = @saved_cs_client */;

--
-- Dumping data for table `planning_strategy`
--

LOCK TABLES `planning_strategy` WRITE;
/*!40000 ALTER TABLE `planning_strategy` DISABLE KEYS */;
INSERT INTO `planning_strategy` VALUES (1,'Investigar'),(2,'Acceptado'),(3,'Mitigado'),(4,'Ver'),(5,'Transferencia');
/*!40000 ALTER TABLE `planning_strategy` ENABLE KEYS */;
UNLOCK TABLES;

--
-- Table structure for table `projects`
--

DROP TABLE IF EXISTS `projects`;
/*!40101 SET @saved_cs_client     = @@character_set_client */;
/*!40101 SET character_set_client = utf8 */;
CREATE TABLE `projects` (
  `value` int(11) NOT NULL AUTO_INCREMENT,
  `name` varchar(100) NOT NULL,
  `order` int(11) NOT NULL DEFAULT '999999',
  `status` int(11) NOT NULL DEFAULT '1',
  PRIMARY KEY (`value`)
) ENGINE=MyISAM DEFAULT CHARSET=utf8;
/*!40101 SET character_set_client = @saved_cs_client */;

--
-- Dumping data for table `projects`
--

LOCK TABLES `projects` WRITE;
/*!40000 ALTER TABLE `projects` DISABLE KEYS */;
INSERT INTO `projects` VALUES (0,'Riesgo no Asignado',0,1);
/*!40000 ALTER TABLE `projects` ENABLE KEYS */;
UNLOCK TABLES;

--
-- Table structure for table `regulation`
--

DROP TABLE IF EXISTS `regulation`;
/*!40101 SET @saved_cs_client     = @@character_set_client */;
/*!40101 SET character_set_client = utf8 */;
CREATE TABLE `regulation` (
  `value` int(11) NOT NULL AUTO_INCREMENT,
  `name` varchar(50) NOT NULL,
  PRIMARY KEY (`value`)
) ENGINE=MyISAM AUTO_INCREMENT=5 DEFAULT CHARSET=utf8;
/*!40101 SET character_set_client = @saved_cs_client */;

--
-- Dumping data for table `regulation`
--

LOCK TABLES `regulation` WRITE;
/*!40000 ALTER TABLE `regulation` DISABLE KEYS */;
INSERT INTO `regulation` VALUES (1,'PCI DSS'),(2,'Sarbanes-Oxley (SOX)'),(3,'HIPAA'),(4,'ISO 27001');
/*!40000 ALTER TABLE `regulation` ENABLE KEYS */;
UNLOCK TABLES;

--
-- Table structure for table `review`
--

DROP TABLE IF EXISTS `review`;
/*!40101 SET @saved_cs_client     = @@character_set_client */;
/*!40101 SET character_set_client = utf8 */;
CREATE TABLE `review` (
  `value` int(11) NOT NULL AUTO_INCREMENT,
  `name` varchar(50) NOT NULL,
  PRIMARY KEY (`value`)
) ENGINE=MyISAM AUTO_INCREMENT=3 DEFAULT CHARSET=utf8;
/*!40101 SET character_set_client = @saved_cs_client */;

--
-- Dumping data for table `review`
--

LOCK TABLES `review` WRITE;
/*!40000 ALTER TABLE `review` DISABLE KEYS */;
INSERT INTO `review` VALUES (1,'Aprobar Riesgo'),(2,'Rechazar Riesgo y Cerca');
/*!40000 ALTER TABLE `review` ENABLE KEYS */;
UNLOCK TABLES;

--
-- Table structure for table `review_levels`
--

DROP TABLE IF EXISTS `review_levels`;
/*!40101 SET @saved_cs_client     = @@character_set_client */;
/*!40101 SET character_set_client = utf8 */;
CREATE TABLE `review_levels` (
  `value` int(11) NOT NULL,
  `name` varchar(20) NOT NULL
) ENGINE=MyISAM DEFAULT CHARSET=utf8;
/*!40101 SET character_set_client = @saved_cs_client */;

--
-- Dumping data for table `review_levels`
--

LOCK TABLES `review_levels` WRITE;
/*!40000 ALTER TABLE `review_levels` DISABLE KEYS */;
INSERT INTO `review_levels` VALUES (90,'High'),(180,'Medium'),(360,'Low');
/*!40000 ALTER TABLE `review_levels` ENABLE KEYS */;
UNLOCK TABLES;

--
-- Table structure for table `risk_levels`
--

DROP TABLE IF EXISTS `risk_levels`;
/*!40101 SET @saved_cs_client     = @@character_set_client */;
/*!40101 SET character_set_client = utf8 */;
CREATE TABLE `risk_levels` (
  `value` decimal(2,1) NOT NULL,
  `name` varchar(20) NOT NULL
) ENGINE=MyISAM DEFAULT CHARSET=utf8;
/*!40101 SET character_set_client = @saved_cs_client */;

--
-- Dumping data for table `risk_levels`
--

LOCK TABLES `risk_levels` WRITE;
/*!40000 ALTER TABLE `risk_levels` DISABLE KEYS */;
INSERT INTO `risk_levels` VALUES (7.0,'High'),(4.0,'Medium'),(0.0,'Low');
/*!40000 ALTER TABLE `risk_levels` ENABLE KEYS */;
UNLOCK TABLES;

--
-- Table structure for table `risk_models`
--

DROP TABLE IF EXISTS `risk_models`;
/*!40101 SET @saved_cs_client     = @@character_set_client */;
/*!40101 SET character_set_client = utf8 */;
CREATE TABLE `risk_models` (
  `value` int(11) NOT NULL,
  `name` varchar(50) NOT NULL
) ENGINE=MyISAM DEFAULT CHARSET=utf8;
/*!40101 SET character_set_client = @saved_cs_client */;

--
-- Dumping data for table `risk_models`
--

LOCK TABLES `risk_models` WRITE;
/*!40000 ALTER TABLE `risk_models` DISABLE KEYS */;
INSERT INTO `risk_models` VALUES (1,'Probabilidad x Impacto + 2(Impacto)'),(2,'Probabilidad x Impacto + Impacto'),(3,'Probabilidad x Impacto'),(4,'Probabilidad x Impacto + Probabilidad'),(5,'Probabilidad x Impacto + 2(Probabilidad)');
/*!40000 ALTER TABLE `risk_models` ENABLE KEYS */;
UNLOCK TABLES;

--
-- Table structure for table `risk_scoring`
--

DROP TABLE IF EXISTS `risk_scoring`;
/*!40101 SET @saved_cs_client     = @@character_set_client */;
/*!40101 SET character_set_client = utf8 */;
CREATE TABLE `risk_scoring` (
  `id` int(11) NOT NULL,
  `scoring_method` int(11) NOT NULL,
  `calculated_risk` float NOT NULL,
  `CLASSIC_likelihood` float NOT NULL DEFAULT '5',
  `CLASSIC_impact` float NOT NULL DEFAULT '5',
  `CVSS_AccessVector` varchar(3) NOT NULL DEFAULT 'N',
  `CVSS_AccessComplexity` varchar(3) NOT NULL DEFAULT 'L',
  `CVSS_Authentication` varchar(3) NOT NULL DEFAULT 'N',
  `CVSS_ConfImpact` varchar(3) NOT NULL DEFAULT 'C',
  `CVSS_IntegImpact` varchar(3) NOT NULL DEFAULT 'C',
  `CVSS_AvailImpact` varchar(3) NOT NULL DEFAULT 'C',
  `CVSS_Exploitability` varchar(3) NOT NULL DEFAULT 'ND',
  `CVSS_RemediationLevel` varchar(3) NOT NULL DEFAULT 'ND',
  `CVSS_ReportConfidence` varchar(3) NOT NULL DEFAULT 'ND',
  `CVSS_CollateralDamagePotential` varchar(3) NOT NULL DEFAULT 'ND',
  `CVSS_TargetDistribution` varchar(3) NOT NULL DEFAULT 'ND',
  `CVSS_ConfidentialityRequirement` varchar(3) NOT NULL DEFAULT 'ND',
  `CVSS_IntegrityRequirement` varchar(3) NOT NULL DEFAULT 'ND',
  `CVSS_AvailabilityRequirement` varchar(3) NOT NULL DEFAULT 'ND',
  `DREAD_DamagePotential` int(11) DEFAULT '10',
  `DREAD_Reproducibility` int(11) DEFAULT '10',
  `DREAD_Exploitability` int(11) DEFAULT '10',
  `DREAD_AffectedUsers` int(11) DEFAULT '10',
  `DREAD_Discoverability` int(11) DEFAULT '10',
  `OWASP_SkillLevel` int(11) DEFAULT '10',
  `OWASP_Motive` int(11) DEFAULT '10',
  `OWASP_Opportunity` int(11) DEFAULT '10',
  `OWASP_Size` int(11) DEFAULT '10',
  `OWASP_EaseOfDiscovery` int(11) DEFAULT '10',
  `OWASP_EaseOfExploit` int(11) DEFAULT '10',
  `OWASP_Awareness` int(11) DEFAULT '10',
  `OWASP_IntrusionDetection` int(11) DEFAULT '10',
  `OWASP_LossOfConfidentiality` int(11) DEFAULT '10',
  `OWASP_LossOfIntegrity` int(11) DEFAULT '10',
  `OWASP_LossOfAvailability` int(11) DEFAULT '10',
  `OWASP_LossOfAccountability` int(11) DEFAULT '10',
  `OWASP_FinancialDamage` int(11) DEFAULT '10',
  `OWASP_ReputationDamage` int(11) DEFAULT '10',
  `OWASP_NonCompliance` int(11) DEFAULT '10',
  `OWASP_PrivacyViolation` int(11) DEFAULT '10',
  `Custom` float DEFAULT '10',
  UNIQUE KEY `id` (`id`)
) ENGINE=MyISAM DEFAULT CHARSET=utf8;
/*!40101 SET character_set_client = @saved_cs_client */;

--
-- Dumping data for table `risk_scoring`
--

LOCK TABLES `risk_scoring` WRITE;
/*!40000 ALTER TABLE `risk_scoring` DISABLE KEYS */;
/*!40000 ALTER TABLE `risk_scoring` ENABLE KEYS */;
UNLOCK TABLES;

--
-- Table structure for table `risks`
--

DROP TABLE IF EXISTS `risks`;
/*!40101 SET @saved_cs_client     = @@character_set_client */;
/*!40101 SET character_set_client = utf8 */;
CREATE TABLE `risks` (
  `id` int(11) NOT NULL AUTO_INCREMENT,
  `status` varchar(20) NOT NULL,
  `subject` varchar(100) NOT NULL,
  `reference_id` varchar(20) NOT NULL DEFAULT '',
  `regulation` int(11) DEFAULT NULL,
  `control_number` varchar(20) DEFAULT NULL,
  `location` int(11) NOT NULL,
  `category` int(11) NOT NULL,
  `team` int(11) NOT NULL,
  `technology` int(11) NOT NULL,
  `owner` int(11) NOT NULL,
  `manager` int(11) NOT NULL,
  `assessment` longtext NOT NULL,
  `notes` longtext NOT NULL,
  `submission_date` timestamp NOT NULL DEFAULT CURRENT_TIMESTAMP,
  `last_update` timestamp NOT NULL DEFAULT '0000-00-00 00:00:00',
  `review_date` timestamp NOT NULL DEFAULT '0000-00-00 00:00:00',
  `mitigation_id` int(11) DEFAULT '0',
  `mgmt_review` int(11) NOT NULL,
  `project_id` int(11) NOT NULL DEFAULT '0',
  `close_id` int(11) NOT NULL,
  `submitted_by` int(11) NOT NULL DEFAULT '1',
  PRIMARY KEY (`id`)
) ENGINE=MyISAM DEFAULT CHARSET=utf8;
/*!40101 SET character_set_client = @saved_cs_client */;

--
-- Dumping data for table `risks`
--

LOCK TABLES `risks` WRITE;
/*!40000 ALTER TABLE `risks` DISABLE KEYS */;
/*!40000 ALTER TABLE `risks` ENABLE KEYS */;
UNLOCK TABLES;

--
-- Table structure for table `sessions`
--

DROP TABLE IF EXISTS `sessions`;
/*!40101 SET @saved_cs_client     = @@character_set_client */;
/*!40101 SET character_set_client = utf8 */;
CREATE TABLE `sessions` (
  `id` varchar(32) NOT NULL,
  `access` int(10) unsigned DEFAULT NULL,
  `data` mediumtext,
  PRIMARY KEY (`id`)
) ENGINE=MyISAM DEFAULT CHARSET=utf8;
/*!40101 SET character_set_client = @saved_cs_client */;

--
-- Dumping data for table `sessions`
--

LOCK TABLES `sessions` WRITE;
/*!40000 ALTER TABLE `sessions` DISABLE KEYS */;
/*!40000 ALTER TABLE `sessions` ENABLE KEYS */;
UNLOCK TABLES;

--
-- Table structure for table `settings`
--

DROP TABLE IF EXISTS `settings`;
/*!40101 SET @saved_cs_client     = @@character_set_client */;
/*!40101 SET character_set_client = utf8 */;
CREATE TABLE `settings` (
  `name` varchar(20) NOT NULL,
  `value` varchar(40) NOT NULL,
  PRIMARY KEY (`name`)
) ENGINE=MyISAM DEFAULT CHARSET=utf8;
/*!40101 SET character_set_client = @saved_cs_client */;

--
-- Dumping data for table `settings`
--

LOCK TABLES `settings` WRITE;
/*!40000 ALTER TABLE `settings` DISABLE KEYS */;
INSERT INTO `settings` VALUES ('risk_model','3'),('db_version','20141214-001');
/*!40000 ALTER TABLE `settings` ENABLE KEYS */;
UNLOCK TABLES;

--
-- Table structure for table `team`
--

DROP TABLE IF EXISTS `team`;
/*!40101 SET @saved_cs_client     = @@character_set_client */;
/*!40101 SET character_set_client = utf8 */;
CREATE TABLE `team` (
  `value` int(11) NOT NULL AUTO_INCREMENT,
  `name` varchar(50) NOT NULL,
  PRIMARY KEY (`value`)
) ENGINE=MyISAM AUTO_INCREMENT=11 DEFAULT CHARSET=utf8;
/*!40101 SET character_set_client = @saved_cs_client */;

--
-- Dumping data for table `team`
--

LOCK TABLES `team` WRITE;
/*!40000 ALTER TABLE `team` DISABLE KEYS */;
INSERT INTO `team` VALUES (1,'Gestion de Rama'),(2,'Colaboracion'),(3,'Centro de Datos & Almacenamiento'),(4,'Base de datos'),(5,'Información de Seguridad'),(6,'Gestión de Sistemas IT'),(7,'Red'),(8,'Unix'),(9,'Sistemas Web'),(10,'Windows');
/*!40000 ALTER TABLE `team` ENABLE KEYS */;
UNLOCK TABLES;

--
-- Table structure for table `technology`
--

DROP TABLE IF EXISTS `technology`;
/*!40101 SET @saved_cs_client     = @@character_set_client */;
/*!40101 SET character_set_client = utf8 */;
CREATE TABLE `technology` (
  `value` int(11) NOT NULL AUTO_INCREMENT,
  `name` varchar(50) NOT NULL,
  PRIMARY KEY (`value`)
) ENGINE=MyISAM AUTO_INCREMENT=20 DEFAULT CHARSET=utf8;
/*!40101 SET character_set_client = @saved_cs_client */;

--
-- Dumping data for table `technology`
--

LOCK TABLES `technology` WRITE;
/*!40000 ALTER TABLE `technology` DISABLE KEYS */;
INSERT INTO `technology` VALUES (1,'Todos'),(2,'Anti-Virus'),(3,'Backups'),(4,'Blackberry'),(5,'Citrix'),(6,'Datacenter'),(7,'Mail Routing'),(8,'Live Collaboration'),(9,'Mesajeria'),(10,'Mobile'),(11,'Network'),(12,'Power'),(13,'Remote Access'),(14,'SAN'),(15,'Telecom'),(16,'Unix'),(17,'VMWare'),(18,'Web'),(19,'Windows');
/*!40000 ALTER TABLE `technology` ENABLE KEYS */;
UNLOCK TABLES;

--
-- Table structure for table `user`
--

DROP TABLE IF EXISTS `user`;
/*!40101 SET @saved_cs_client     = @@character_set_client */;
/*!40101 SET character_set_client = utf8 */;
CREATE TABLE `user` (
  `value` int(11) NOT NULL AUTO_INCREMENT,
  `enabled` tinyint(1) NOT NULL DEFAULT '1',
  `type` varchar(20) NOT NULL DEFAULT 'simplerisk',
  `username` varchar(20) NOT NULL,
  `name` varchar(50) NOT NULL,
  `email` varchar(200) NOT NULL,
  `salt` varchar(20) DEFAULT NULL,
  `password` binary(60) NOT NULL,
  `last_login` datetime DEFAULT NULL,
  `teams` varchar(200) NOT NULL DEFAULT 'none',
  `lang` varchar(2) DEFAULT NULL,
  `admin` tinyint(1) NOT NULL DEFAULT '0',
  `review_high` tinyint(1) NOT NULL DEFAULT '0',
  `review_medium` tinyint(1) NOT NULL DEFAULT '0',
  `review_low` tinyint(1) NOT NULL DEFAULT '0',
  `submit_risks` tinyint(1) NOT NULL DEFAULT '0',
  `modify_risks` tinyint(1) NOT NULL DEFAULT '0',
  `plan_mitigations` tinyint(1) NOT NULL DEFAULT '0',
  `close_risks` tinyint(1) NOT NULL DEFAULT '1',
  `multi_factor` int(11) NOT NULL DEFAULT '1',
  PRIMARY KEY (`value`)
) ENGINE=MyISAM AUTO_INCREMENT=2 DEFAULT CHARSET=utf8;
/*!40101 SET character_set_client = @saved_cs_client */;

--
-- Dumping data for table `user`
--

LOCK TABLES `user` WRITE;
/*!40000 ALTER TABLE `user` DISABLE KEYS */;
INSERT INTO `user` VALUES (1,1,'simplerisk','admin','Admin','user@example.com','sAbwTbIFywWKcheyQw9a','$2a$15$7b2601b4979b1ad031b2fuqf1XkeSa4iNxsHK27tq5Va2jLhzkShW','2014-10-13 23:29:56','all',NULL,1,1,1,1,1,1,1,1,1);
/*!40000 ALTER TABLE `user` ENABLE KEYS */;
UNLOCK TABLES;
/*!40103 SET TIME_ZONE=@OLD_TIME_ZONE */;

/*!40101 SET SQL_MODE=@OLD_SQL_MODE */;
/*!40014 SET FOREIGN_KEY_CHECKS=@OLD_FOREIGN_KEY_CHECKS */;
/*!40014 SET UNIQUE_CHECKS=@OLD_UNIQUE_CHECKS */;
/*!40101 SET CHARACTER_SET_CLIENT=@OLD_CHARACTER_SET_CLIENT */;
/*!40101 SET CHARACTER_SET_RESULTS=@OLD_CHARACTER_SET_RESULTS */;
/*!40101 SET COLLATION_CONNECTION=@OLD_COLLATION_CONNECTION */;
/*!40111 SET SQL_NOTES=@OLD_SQL_NOTES */;
